{"cameraMode":{"drawMode":0,"name":"Shaded","section":"Shading Mode"},"sceneLighting":true,"audioPlay":false,"sceneViewState":{"m_AlwaysRefresh":false,"showFog":true,"showSkybox":true,"showFlares":true,"showImageEffects":true,"showParticleSystems":true,"showVisualEffectGraphs":true,"m_FxEnabled":true},"in2DMode":false,"pivot":{"x":48.36012649536133,"y":-5.993963241577148,"z":48.7618408203125},"rotation":{"x":-0.6806333065032959,"y":-0.0005806448752991855,"z":0.00034389112261123955,"w":-0.7328099608421326},"size":74.46070098876953,"orthographic":true}